0.3,2.90549,0.54853
0.301,2.90531,0.54627
0.302,2.90512,0.54403
0.303,2.90494,0.5418
0.304,2.90476,0.5396
0.305,2.90458,0.53741
0.306,2.9044,0.53524
0.307,2.90422,0.53309
0.308,2.90404,0.53096
0.309,2.90387,0.52884
0.31,2.90369,0.52675
0.311,2.90351,0.52467
0.312,2.90333,0.52261
0.313,2.90316,0.52056
0.314,2.90298,0.51853
0.315,2.90281,0.51652
0.316,2.90263,0.51453
0.317,2.90246,0.51255
0.318,2.90228,0.51058
0.319,2.90211,0.50864
0.32,2.90194,0.5067
0.321,2.90177,0.50479
0.322,2.9016,0.50289
0.323,2.90143,0.501
0.324,2.90126,0.49913
0.325,2.90109,0.49727
0.326,2.90092,0.49543
0.327,2.90075,0.4936
0.328,2.90059,0.49179
0.329,2.90042,0.48999
0.33,2.90025,0.4882
0.331,2.90009,0.48643
0.332,2.89993,0.48467
0.333,2.89976,0.48292
0.334,2.8996,0.48119
0.335,2.89944,0.47947
0.336,2.89928,0.47776
0.337,2.89912,0.47607
0.338,2.89896,0.47439
0.339,2.8988,0.47272
0.34,2.89864,0.47106
0.341,2.89848,0.46941
0.342,2.89833,0.46778
0.343,2.89817,0.46616
0.344,2.89802,0.46455
0.345,2.89786,0.46295
0.346,2.89771,0.46137
0.347,2.89755,0.45979
0.348,2.8974,0.45823
0.349,2.89725,0.45668
0.35,2.8971,0.45514
0.351,2.89695,0.45361
0.352,2.8968,0.45209
0.353,2.89665,0.45058
0.354,2.89651,0.44908
0.355,2.89636,0.44759
0.356,2.89621,0.44611
0.357,2.89607,0.44464
0.358,2.89592,0.44319
0.359,2.89578,0.44174
0.36,2.89564,0.4403
0.361,2.89549,0.43887
0.362,2.89535,0.43745
0.363,2.89521,0.43605
0.364,2.89507,0.43465
0.365,2.89493,0.43326
0.366,2.89479,0.43188
0.367,2.89465,0.43051
0.368,2.89452,0.42914
0.369,2.89438,0.42779
0.37,2.89424,0.42645
0.371,2.89411,0.42511
0.372,2.89398,0.42378
0.373,2.89384,0.42246
0.374,2.89371,0.42115
0.375,2.89358,0.41985
0.376,2.89345,0.41856
0.377,2.89332,0.41728
0.378,2.89319,0.416
0.379,2.89306,0.41473
0.38,2.89293,0.41347
0.381,2.8928,0.41222
0.382,2.89267,0.41098
0.383,2.89255,0.40974
0.384,2.89242,0.40851
0.385,2.8923,0.40729
0.386,2.89217,0.40608
0.387,2.89205,0.40487
0.388,2.89192,0.40367
0.389,2.8918,0.40248
0.39,2.89168,0.4013
0.391,2.89156,0.40012
0.392,2.89144,0.39895
0.393,2.89132,0.39779
0.394,2.8912,0.39664
0.395,2.89108,0.39549
0.396,2.89096,0.39435
0.397,2.89085,0.39321
0.398,2.89073,0.39208
0.399,2.89062,0.39096
0.4,2.8905,0.38985
0.401,2.89039,0.38874
0.402,2.89027,0.38764
0.403,2.89016,0.38655
0.404,2.89005,0.38546
0.405,2.88993,0.38438
0.406,2.88982,0.3833
0.407,2.88971,0.38223
0.408,2.8896,0.38117
0.409,2.88949,0.38011
0.41,2.88938,0.37906
0.411,2.88928,0.37802
0.412,2.88917,0.37698
0.413,2.88906,0.37595
0.414,2.88895,0.37492
0.415,2.88885,0.3739
0.416,2.88874,0.37288
0.417,2.88864,0.37187
0.418,2.88853,0.37087
0.419,2.88843,0.36987
0.42,2.88833,0.36888
0.421,2.88823,0.36789
0.422,2.88812,0.36691
0.423,2.88802,0.36594
0.424,2.88792,0.36496
0.425,2.88782,0.364
0.426,2.88772,0.36304
0.427,2.88762,0.36208
0.428,2.88752,0.36113
0.429,2.88743,0.36019
0.43,2.88733,0.35925
0.431,2.88723,0.35832
0.432,2.88714,0.35739
0.433,2.88704,0.35646
0.434,2.88695,0.35554
0.435,2.88685,0.35463
0.436,2.88676,0.35372
0.437,2.88666,0.35282
0.438,2.88657,0.35192
0.439,2.88648,0.35102
0.44,2.88639,0.35013
0.441,2.88629,0.34925
0.442,2.8862,0.34836
0.443,2.88611,0.34749
0.444,2.88602,0.34662
0.445,2.88593,0.34575
0.446,2.88584,0.34489
0.447,2.88575,0.34403
0.448,2.88567,0.34317
0.449,2.88558,0.34232
0.45,2.88549,0.34148
0.451,2.8854,0.34064
0.452,2.88532,0.3398
0.453,2.88523,0.33897
0.454,2.88515,0.33814
0.455,2.88506,0.33732
0.456,2.88498,0.3365
0.457,2.88489,0.33568
0.458,2.88481,0.33487
0.459,2.88473,0.33406
0.46,2.88465,0.33326
0.461,2.88456,0.33246
0.462,2.88448,0.33167
0.463,2.8844,0.33087
0.464,2.88432,0.33009
0.465,2.88424,0.3293
0.466,2.88416,0.32852
0.467,2.88408,0.32775
0.468,2.884,0.32698
0.469,2.88392,0.32621
0.47,2.88384,0.32544
0.471,2.88377,0.32468
0.472,2.88369,0.32392
0.473,2.88361,0.32317
0.474,2.88354,0.32242
0.475,2.88346,0.32167
0.476,2.88338,0.32093
0.477,2.88331,0.32019
0.478,2.88323,0.31946
0.479,2.88316,0.31872
0.48,2.88308,0.31799
0.481,2.88301,0.31727
0.482,2.88294,0.31655
0.483,2.88286,0.31583
0.484,2.88279,0.31511
0.485,2.88272,0.3144
0.486,2.88265,0.31369
0.487,2.88258,0.31299
0.488,2.88251,0.31229
0.489,2.88243,0.31159
0.49,2.88236,0.31089
0.491,2.88229,0.3102
0.492,2.88222,0.30951
0.493,2.88216,0.30882
0.494,2.88209,0.30814
0.495,2.88202,0.30746
0.496,2.88195,0.30678
0.497,2.88188,0.30611
0.498,2.88181,0.30544
0.499,2.88175,0.30477
0.5,2.88168,0.30411
0.501,2.88161,0.30345
0.502,2.88155,0.30279
0.503,2.88148,0.30213
0.504,2.88142,0.30148
0.505,2.88135,0.30083
0.506,2.88129,0.30018
0.507,2.88122,0.29954
0.508,2.88116,0.2989
0.509,2.8811,0.29826
0.51,2.88103,0.29762
0.511,2.88097,0.29699
0.512,2.88091,0.29636
0.513,2.88084,0.29573
0.514,2.88078,0.29511
0.515,2.88072,0.29449
0.516,2.88066,0.29387
0.517,2.8806,0.29325
0.518,2.88054,0.29264
0.519,2.88048,0.29203
0.52,2.88042,0.29142
0.521,2.88036,0.29081
0.522,2.8803,0.29021
0.523,2.88024,0.28961
0.524,2.88018,0.28901
0.525,2.88012,0.28842
0.526,2.88006,0.28782
0.527,2.88,0.28723
0.528,2.87995,0.28665
0.529,2.87989,0.28606
0.53,2.87983,0.28548
0.531,2.87977,0.2849
0.532,2.87972,0.28432
0.533,2.87966,0.28374
0.534,2.87961,0.28317
0.535,2.87955,0.2826
0.536,2.87949,0.28203
0.537,2.87944,0.28146
0.538,2.87938,0.2809
0.539,2.87933,0.28034
0.54,2.87927,0.27978
0.541,2.87922,0.27922
0.542,2.87917,0.27867
0.543,2.87911,0.27811
0.544,2.87906,0.27756
0.545,2.87901,0.27702
0.546,2.87895,0.27647
0.547,2.8789,0.27593
0.548,2.87885,0.27538
0.549,2.8788,0.27485
0.55,2.87874,0.27431
0.551,2.87869,0.27377
0.552,2.87864,0.27324
0.553,2.87859,0.27271
0.554,2.87854,0.27218
0.555,2.87849,0.27166
0.556,2.87844,0.27113
0.557,2.87839,0.27061
0.558,2.87834,0.27009
0.559,2.87829,0.26957
0.56,2.87824,0.26905
0.561,2.87819,0.26854
0.562,2.87814,0.26803
0.563,2.87809,0.26752
0.564,2.87804,0.26701
0.565,2.878,0.2665
0.566,2.87795,0.266
0.567,2.8779,0.2655
0.568,2.87785,0.265
0.569,2.87781,0.2645
0.57,2.87776,0.264
0.571,2.87771,0.26351
0.572,2.87767,0.26302
0.573,2.87762,0.26253
0.574,2.87757,0.26204
0.575,2.87753,0.26155
0.576,2.87748,0.26107
0.577,2.87744,0.26058
0.578,2.87739,0.2601
0.579,2.87735,0.25962
0.58,2.8773,0.25914
0.581,2.87726,0.25867
0.582,2.87721,0.25819
0.583,2.87717,0.25772
0.584,2.87712,0.25725
0.585,2.87708,0.25678
0.586,2.87704,0.25632
0.587,2.87699,0.25585
0.588,2.87695,0.25539
0.589,2.87691,0.25493
0.59,2.87686,0.25446
0.591,2.87682,0.25401
0.592,2.87678,0.25355
0.593,2.87674,0.25309
0.594,2.87669,0.25264
0.595,2.87665,0.25219
0.596,2.87661,0.25174
0.597,2.87657,0.25129
0.598,2.87653,0.25084
0.599,2.87649,0.2504
0.6,2.87645,0.24996
0.601,2.87641,0.24951
0.602,2.87637,0.24907
0.603,2.87632,0.24863
0.604,2.87628,0.2482
0.605,2.87624,0.24776
0.606,2.87621,0.24733
0.607,2.87617,0.2469
0.608,2.87613,0.24646
0.609,2.87609,0.24604
0.61,2.87605,0.24561
0.611,2.87601,0.24518
0.612,2.87597,0.24476
0.613,2.87593,0.24433
0.614,2.87589,0.24391
0.615,2.87586,0.24349
0.616,2.87582,0.24307
0.617,2.87578,0.24265
0.618,2.87574,0.24224
0.619,2.8757,0.24182
0.62,2.87567,0.24141
0.621,2.87563,0.241
0.622,2.87559,0.24059
0.623,2.87556,0.24018
0.624,2.87552,0.23977
0.625,2.87548,0.23937
0.626,2.87545,0.23896
0.627,2.87541,0.23856
0.628,2.87537,0.23816
0.629,2.87534,0.23776
0.63,2.8753,0.23736
0.631,2.87527,0.23696
0.632,2.87523,0.23657
0.633,2.8752,0.23617
0.634,2.87516,0.23578
0.635,2.87513,0.23539
0.636,2.87509,0.23499
0.637,2.87506,0.23461
0.638,2.87502,0.23422
0.639,2.87499,0.23383
0.64,2.87495,0.23344
0.641,2.87492,0.23306
0.642,2.87489,0.23268
0.643,2.87485,0.2323
0.644,2.87482,0.23192
0.645,2.87479,0.23154
0.646,2.87475,0.23116
0.647,2.87472,0.23078
0.648,2.87469,0.23041
0.649,2.87465,0.23003
0.65,2.87462,0.22966
0.651,2.87459,0.22929
0.652,2.87456,0.22892
0.653,2.87452,0.22855
0.654,2.87449,0.22818
0.655,2.87446,0.22781
0.656,2.87443,0.22745
0.657,2.8744,0.22708
0.658,2.87436,0.22672
0.659,2.87433,0.22636
0.66,2.8743,0.226
0.661,2.87427,0.22564
0.662,2.87424,0.22528
0.663,2.87421,0.22492
0.664,2.87418,0.22457
0.665,2.87415,0.22421
0.666,2.87412,0.22386
0.667,2.87408,0.22351
0.668,2.87405,0.22315
0.669,2.87402,0.2228
0.67,2.87399,0.22245
0.671,2.87396,0.22211
0.672,2.87393,0.22176
0.673,2.8739,0.22141
0.674,2.87388,0.22107
0.675,2.87385,0.22072
0.676,2.87382,0.22038
0.677,2.87379,0.22004
0.678,2.87376,0.2197
0.679,2.87373,0.21936
0.68,2.8737,0.21902
0.681,2.87367,0.21868
0.682,2.87364,0.21835
0.683,2.87361,0.21801
0.684,2.87359,0.21768
0.685,2.87356,0.21735
0.686,2.87353,0.21701
0.687,2.8735,0.21668
0.688,2.87347,0.21635
0.689,2.87345,0.21602
0.69,2.87342,0.2157
0.691,2.87339,0.21537
0.692,2.87336,0.21504
0.693,2.87334,0.21472
0.694,2.87331,0.21439
0.695,2.87328,0.21407
0.696,2.87326,0.21375
0.697,2.87323,0.21343
0.698,2.8732,0.21311
0.699,2.87317,0.21279
0.7,2.87315,0.21247
0.701,2.87312,0.21215
0.702,2.8731,0.21184
0.703,2.87307,0.21152
0.704,2.87304,0.21121
0.705,2.87302,0.21089
0.706,2.87299,0.21058
0.707,2.87297,0.21027
0.708,2.87294,0.20996
0.709,2.87291,0.20965
0.71,2.87289,0.20934
0.711,2.87286,0.20904
0.712,2.87284,0.20873
0.713,2.87281,0.20842
0.714,2.87279,0.20812
0.715,2.87276,0.20781
0.716,2.87274,0.20751
0.717,2.87271,0.20721
0.718,2.87269,0.20691
0.719,2.87266,0.20661
0.72,2.87264,0.20631
0.721,2.87261,0.20601
0.722,2.87259,0.20571
0.723,2.87257,0.20541
0.724,2.87254,0.20512
0.725,2.87252,0.20482
0.726,2.87249,0.20453
0.727,2.87247,0.20424
0.728,2.87245,0.20394
0.729,2.87242,0.20365
0.73,2.8724,0.20336
0.731,2.87238,0.20307
0.732,2.87235,0.20278
0.733,2.87233,0.20249
0.734,2.87231,0.20221
0.735,2.87228,0.20192
0.736,2.87226,0.20163
0.737,2.87224,0.20135
0.738,2.87221,0.20106
0.739,2.87219,0.20078
0.74,2.87217,0.2005
0.741,2.87215,0.20022
0.742,2.87212,0.19994
0.743,2.8721,0.19966
0.744,2.87208,0.19938
0.745,2.87206,0.1991
0.746,2.87203,0.19882
0.747,2.87201,0.19854
0.748,2.87199,0.19827
0.749,2.87197,0.19799
0.75,2.87195,0.19772
0.751,2.87192,0.19744
0.752,2.8719,0.19717
0.753,2.87188,0.1969
0.754,2.87186,0.19663
0.755,2.87184,0.19635
0.756,2.87182,0.19608
0.757,2.8718,0.19582
0.758,2.87177,0.19555
0.759,2.87175,0.19528
0.76,2.87173,0.19501
0.761,2.87171,0.19475
0.762,2.87169,0.19448
0.763,2.87167,0.19422
0.764,2.87165,0.19395
0.765,2.87163,0.19369
0.766,2.87161,0.19343
0.767,2.87159,0.19316
0.768,2.87157,0.1929
0.769,2.87155,0.19264
0.77,2.87153,0.19238
0.771,2.87151,0.19212
0.772,2.87149,0.19187
0.773,2.87147,0.19161
0.774,2.87145,0.19135
0.775,2.87143,0.19109
0.776,2.87141,0.19084
0.777,2.87139,0.19058
0.778,2.87137,0.19033
0.779,2.87135,0.19008
0.78,2.87133,0.18982
0.781,2.87131,0.18957
0.782,2.87129,0.18932
0.783,2.87127,0.18907
0.784,2.87125,0.18882
0.785,2.87123,0.18857
0.786,2.87121,0.18832
0.787,2.87119,0.18807
0.788,2.87117,0.18783
0.789,2.87116,0.18758
0.79,2.87114,0.18733
0.791,2.87112,0.18709
0.792,2.8711,0.18684
0.793,2.87108,0.1866
0.794,2.87106,0.18636
0.795,2.87104,0.18611
0.796,2.87103,0.18587
0.797,2.87101,0.18563
0.798,2.87099,0.18539
0.799,2.87097,0.18515
0.8,2.87095,0.18491
0.801,2.87093,0.18467
0.802,2.87092,0.18443
0.803,2.8709,0.18419
0.804,2.87088,0.18396
0.805,2.87086,0.18372
0.806,2.87084,0.18348
0.807,2.87083,0.18325
0.808,2.87081,0.18301
0.809,2.87079,0.18278
0.81,2.87077,0.18255
0.811,2.87076,0.18231
0.812,2.87074,0.18208
0.813,2.87072,0.18185
0.814,2.8707,0.18162
0.815,2.87069,0.18139
0.816,2.87067,0.18116
0.817,2.87065,0.18093
0.818,2.87064,0.1807
0.819,2.87062,0.18047
0.82,2.8706,0.18024
0.821,2.87059,0.18002
0.822,2.87057,0.17979
0.823,2.87055,0.17957
0.824,2.87054,0.17934
0.825,2.87052,0.17912
0.826,2.8705,0.17889
0.827,2.87049,0.17867
0.828,2.87047,0.17844
0.829,2.87045,0.17822
0.83,2.87044,0.178
0.831,2.87042,0.17778
0.832,2.8704,0.17756
0.833,2.87039,0.17734
0.834,2.87037,0.17712
0.835,2.87036,0.1769
0.836,2.87034,0.17668
0.837,2.87032,0.17646
0.838,2.87031,0.17625
0.839,2.87029,0.17603
0.84,2.87028,0.17581
0.841,2.87026,0.1756
0.842,2.87025,0.17538
0.843,2.87023,0.17517
0.844,2.87021,0.17495
0.845,2.8702,0.17474
0.846,2.87018,0.17453
0.847,2.87017,0.17431
0.848,2.87015,0.1741
0.849,2.87014,0.17389
0.85,2.87012,0.17368
0.851,2.87011,0.17347
0.852,2.87009,0.17326
0.853,2.87008,0.17305
0.854,2.87006,0.17284
0.855,2.87005,0.17263
0.856,2.87003,0.17242
0.857,2.87002,0.17222
0.858,2.87,0.17201
0.859,2.86999,0.1718
0.86,2.86997,0.1716
0.861,2.86996,0.17139
0.862,2.86994,0.17119
0.863,2.86993,0.17098
0.864,2.86991,0.17078
0.865,2.8699,0.17058
0.866,2.86989,0.17037
0.867,2.86987,0.17017
0.868,2.86986,0.16997
0.869,2.86984,0.16977
0.87,2.86983,0.16957
0.871,2.86981,0.16937
0.872,2.8698,0.16917
0.873,2.86979,0.16897
0.874,2.86977,0.16877
0.875,2.86976,0.16857
0.876,2.86974,0.16837
0.877,2.86973,0.16817
0.878,2.86972,0.16798
0.879,2.8697,0.16778
0.88,2.86969,0.16758
0.881,2.86967,0.16739
0.882,2.86966,0.16719
0.883,2.86965,0.167
0.884,2.86963,0.1668
0.885,2.86962,0.16661
0.886,2.86961,0.16641
0.887,2.86959,0.16622
0.888,2.86958,0.16603
0.889,2.86957,0.16584
0.89,2.86955,0.16565
0.891,2.86954,0.16545
0.892,2.86953,0.16526
0.893,2.86951,0.16507
0.894,2.8695,0.16488
0.895,2.86949,0.16469
0.896,2.86947,0.1645
0.897,2.86946,0.16432
0.898,2.86945,0.16413
0.899,2.86944,0.16394
0.9,2.86942,0.16375
0.901,2.86941,0.16357
0.902,2.8694,0.16338
0.903,2.86938,0.16319
0.904,2.86937,0.16301
0.905,2.86936,0.16282
0.906,2.86935,0.16264
0.907,2.86933,0.16245
0.908,2.86932,0.16227
0.909,2.86931,0.16209
0.91,2.8693,0.1619
0.911,2.86928,0.16172
0.912,2.86927,0.16154
0.913,2.86926,0.16136
0.914,2.86925,0.16118
0.915,2.86923,0.161
0.916,2.86922,0.16081
0.917,2.86921,0.16063
0.918,2.8692,0.16045
0.919,2.86918,0.16028
0.92,2.86917,0.1601
0.921,2.86916,0.15992
0.922,2.86915,0.15974
0.923,2.86914,0.15956
0.924,2.86912,0.15939
0.925,2.86911,0.15921
0.926,2.8691,0.15903
0.927,2.86909,0.15886
0.928,2.86908,0.15868
0.929,2.86907,0.1585
0.93,2.86905,0.15833
0.931,2.86904,0.15816
0.932,2.86903,0.15798
0.933,2.86902,0.15781
0.934,2.86901,0.15763
0.935,2.869,0.15746
0.936,2.86898,0.15729
0.937,2.86897,0.15712
0.938,2.86896,0.15694
0.939,2.86895,0.15677
0.94,2.86894,0.1566
0.941,2.86893,0.15643
0.942,2.86892,0.15626
0.943,2.8689,0.15609
0.944,2.86889,0.15592
0.945,2.86888,0.15575
0.946,2.86887,0.15558
0.947,2.86886,0.15542
0.948,2.86885,0.15525
0.949,2.86884,0.15508
0.95,2.86883,0.15491
0.951,2.86882,0.15475
0.952,2.8688,0.15458
0.953,2.86879,0.15441
0.954,2.86878,0.15425
0.955,2.86877,0.15408
0.956,2.86876,0.15392
0.957,2.86875,0.15375
0.958,2.86874,0.15359
0.959,2.86873,0.15342
0.96,2.86872,0.15326
0.961,2.86871,0.1531
0.962,2.8687,0.15293
0.963,2.86869,0.15277
0.964,2.86868,0.15261
0.965,2.86867,0.15245
0.966,2.86865,0.15228
0.967,2.86864,0.15212
0.968,2.86863,0.15196
0.969,2.86862,0.1518
0.97,2.86861,0.15164
0.971,2.8686,0.15148
0.972,2.86859,0.15132
0.973,2.86858,0.15116
0.974,2.86857,0.151
0.975,2.86856,0.15084
0.976,2.86855,0.15069
0.977,2.86854,0.15053
0.978,2.86853,0.15037
0.979,2.86852,0.15021
0.98,2.86851,0.15006
0.981,2.8685,0.1499
0.982,2.86849,0.14974
0.983,2.86848,0.14959
0.984,2.86847,0.14943
0.985,2.86846,0.14928
0.986,2.86845,0.14912
0.987,2.86844,0.14897
0.988,2.86843,0.14881
0.989,2.86842,0.14866
0.99,2.86841,0.14851
0.991,2.8684,0.14835
0.992,2.86839,0.1482
0.993,2.86838,0.14805
0.994,2.86837,0.14789
0.995,2.86836,0.14774
0.996,2.86835,0.14759
0.997,2.86834,0.14744
0.998,2.86833,0.14729
0.999,2.86833,0.14714
1,2.86832,0.14699
1.006,2.86826,0.14609
1.012,2.8682,0.1452
1.018,2.86815,0.14433
1.024,2.8681,0.14347
1.03,2.86804,0.14261
1.036,2.86799,0.14177
1.042,2.86794,0.14094
1.048,2.86789,0.14011
1.054,2.86784,0.1393
1.06,2.86779,0.13849
1.066,2.86775,0.1377
1.072,2.8677,0.13691
1.078,2.86765,0.13614
1.084,2.86761,0.13537
1.09,2.86756,0.13461
1.096,2.86752,0.13386
1.102,2.86748,0.13311
1.108,2.86743,0.13238
1.114,2.86739,0.13165
1.12,2.86735,0.13094
1.126,2.86731,0.13023
1.132,2.86727,0.12952
1.138,2.86723,0.12883
1.144,2.86719,0.12814
1.15,2.86716,0.12746
1.156,2.86712,0.12679
1.162,2.86708,0.12612
1.168,2.86704,0.12546
1.174,2.86701,0.12481
1.18,2.86697,0.12417
1.186,2.86694,0.12353
1.192,2.8669,0.1229
1.198,2.86687,0.12227
1.204,2.86684,0.12165
1.21,2.8668,0.12104
1.216,2.86677,0.12043
1.222,2.86674,0.11983
1.228,2.86671,0.11924
1.234,2.86668,0.11865
1.24,2.86665,0.11807
1.246,2.86662,0.11749
1.252,2.86659,0.11692
1.258,2.86656,0.11635
1.264,2.86653,0.11579
1.27,2.8665,0.11524
1.276,2.86647,0.11469
1.282,2.86645,0.11415
1.288,2.86642,0.11361
1.294,2.86639,0.11307
1.3,2.86637,0.11254
1.306,2.86634,0.11202
1.312,2.86631,0.1115
1.318,2.86629,0.11099
1.324,2.86626,0.11048
1.33,2.86624,0.10997
1.336,2.86622,0.10947
1.342,2.86619,0.10898
1.348,2.86617,0.10849
1.354,2.86614,0.108
1.36,2.86612,0.10752
1.366,2.8661,0.10704
1.372,2.86608,0.10656
1.378,2.86605,0.1061
1.384,2.86603,0.10563
1.39,2.86601,0.10517
1.396,2.86599,0.10471
1.402,2.86597,0.10426
1.408,2.86595,0.10381
1.414,2.86593,0.10336
1.42,2.8659,0.10292
1.426,2.86588,0.10248
1.432,2.86586,0.10205
1.438,2.86585,0.10162
1.444,2.86583,0.10119
1.45,2.86581,0.10077
1.456,2.86579,0.10035
1.462,2.86577,0.09993
1.468,2.86575,0.09952
1.474,2.86573,0.09911
1.48,2.86571,0.0987
1.486,2.8657,0.0983
1.492,2.86568,0.0979
1.498,2.86566,0.09751
1.504,2.86564,0.09711
1.51,2.86563,0.09672
1.516,2.86561,0.09634
1.522,2.86559,0.09595
1.528,2.86558,0.09557
1.534,2.86556,0.0952
1.54,2.86555,0.09482
1.546,2.86553,0.09445
1.552,2.86551,0.09408
1.558,2.8655,0.09372
1.564,2.86548,0.09335
1.57,2.86547,0.09299
1.576,2.86545,0.09264
1.582,2.86544,0.09228
1.588,2.86542,0.09193
1.594,2.86541,0.09158
1.6,2.8654,0.09123
1.606,2.86538,0.09089
1.612,2.86537,0.09055
1.618,2.86535,0.09021
1.624,2.86534,0.08987
1.63,2.86533,0.08954
1.636,2.86531,0.08921
1.642,2.8653,0.08888
1.648,2.86529,0.08855
1.654,2.86527,0.08823
1.66,2.86526,0.08791
1.666,2.86525,0.08759
1.672,2.86524,0.08727
1.678,2.86522,0.08696
1.684,2.86521,0.08665
1.69,2.8652,0.08634
1.696,2.86519,0.08603
1.702,2.86518,0.08572
1.708,2.86516,0.08542
1.714,2.86515,0.08512
1.72,2.86514,0.08482
1.726,2.86513,0.08452
1.732,2.86512,0.08423
1.738,2.86511,0.08393
1.744,2.8651,0.08364
1.75,2.86508,0.08335
1.756,2.86507,0.08307
1.762,2.86506,0.08278
1.768,2.86505,0.0825
1.774,2.86504,0.08222
1.78,2.86503,0.08194
1.786,2.86502,0.08166
1.792,2.86501,0.08139
1.798,2.865,0.08111
1.804,2.86499,0.08084
1.81,2.86498,0.08057
1.816,2.86497,0.0803
1.822,2.86496,0.08004
1.828,2.86495,0.07977
1.834,2.86494,0.07951
1.84,2.86493,0.07925
1.846,2.86492,0.07899
1.852,2.86491,0.07873
1.858,2.86491,0.07847
1.864,2.8649,0.07822
1.87,2.86489,0.07797
1.876,2.86488,0.07772
1.882,2.86487,0.07747
1.888,2.86486,0.07722
1.894,2.86485,0.07697
1.9,2.86484,0.07673
1.906,2.86484,0.07649
1.912,2.86483,0.07624
1.918,2.86482,0.076
1.924,2.86481,0.07577
1.93,2.8648,0.07553
1.936,2.86479,0.07529
1.942,2.86479,0.07506
1.948,2.86478,0.07483
1.954,2.86477,0.0746
1.96,2.86476,0.07437
1.966,2.86475,0.07414
1.972,2.86475,0.07391
1.978,2.86474,0.07369
1.984,2.86473,0.07346
1.99,2.86472,0.07324
1.996,2.86472,0.07302
2.002,2.86471,0.0728
2.008,2.8647,0.07258
2.014,2.8647,0.07236
2.02,2.86469,0.07214
2.026,2.86468,0.07193
2.032,2.86467,0.07172
2.038,2.86467,0.0715
2.044,2.86466,0.07129
2.05,2.86465,0.07108
2.056,2.86465,0.07087
2.062,2.86464,0.07067
2.068,2.86463,0.07046
2.074,2.86463,0.07026
2.08,2.86462,0.07005
2.086,2.86461,0.06985
2.092,2.86461,0.06965
2.098,2.8646,0.06945
2.104,2.86459,0.06925
2.11,2.86459,0.06905
2.116,2.86458,0.06885
2.122,2.86458,0.06866
2.128,2.86457,0.06846
2.134,2.86456,0.06827
2.14,2.86456,0.06808
2.146,2.86455,0.06789
2.152,2.86455,0.0677
2.158,2.86454,0.06751
2.164,2.86453,0.06732
2.17,2.86453,0.06713
2.176,2.86452,0.06695
2.182,2.86452,0.06676
2.188,2.86451,0.06658
2.194,2.86451,0.06639
2.2,2.8645,0.06621
2.206,2.8645,0.06603
2.212,2.86449,0.06585
2.218,2.86448,0.06567
2.224,2.86448,0.0655
2.23,2.86447,0.06532
2.236,2.86447,0.06514
2.242,2.86446,0.06497
2.248,2.86446,0.06479
2.254,2.86445,0.06462
2.26,2.86445,0.06445
2.266,2.86444,0.06428
2.272,2.86444,0.06411
2.278,2.86443,0.06394
2.284,2.86443,0.06377
2.29,2.86442,0.0636
2.296,2.86442,0.06343
2.302,2.86441,0.06327
2.308,2.86441,0.0631
2.314,2.8644,0.06294
2.32,2.8644,0.06277
2.326,2.86439,0.06261
2.332,2.86439,0.06245
2.338,2.86439,0.06229
2.344,2.86438,0.06213
2.35,2.86438,0.06197
2.356,2.86437,0.06181
2.362,2.86437,0.06165
2.368,2.86436,0.0615
2.374,2.86436,0.06134
2.38,2.86435,0.06118
2.386,2.86435,0.06103
2.392,2.86435,0.06088
2.398,2.86434,0.06072
2.404,2.86434,0.06057
2.41,2.86433,0.06042
2.416,2.86433,0.06027
2.422,2.86432,0.06012
2.428,2.86432,0.05997
2.434,2.86432,0.05982
2.44,2.86431,0.05967
2.446,2.86431,0.05953
2.452,2.8643,0.05938
2.458,2.8643,0.05924
2.464,2.8643,0.05909
2.47,2.86429,0.05895
2.476,2.86429,0.0588
2.482,2.86428,0.05866
2.488,2.86428,0.05852
2.494,2.86428,0.05838
2.5,2.86427,0.05824
